每日平均抵達病患,模擬時長(分),亂數種子,是否為自訂劇本,轉送時長,清潔時長
100.0,20160.0,9268,0,10.0,5.0
手術房名稱
A01,A02,A03,A04,A05,A06,A07,A08,A09,A10,A11,A12,B01,B02,B03,B04,B05,B06,B07,B08,B09,B10,B11,B12,C1,GK
所有科別名稱
AES,CRS,CS,CVS,DENT,ENT,ESUR,GI,GS,GU,GYN,NS,OBS,OPH,ORTH,PED,PEDS,PS
所有麻醉名稱
AB,EA,GA,GM,IG,LA,NB,NI,OA,SA
時間點,抵達順序,事件代碼,手術級別,所屬科別,麻醉名稱,到達時間,麻醉開始時間,麻醉完成時間,麻醉時長,劃刀時間,縫合切口,手術時長,轉送時長,清潔時長,手術房別,開始等候時間,等候時長,病患入室時間,麻醉結束時間,轉送時間,清潔時間,申請序號,病患姓名,病患身分,手術名稱,病歷號,主治醫師
144.0,1.0,1.0,1.0,GS,GA,144.0,-1.0,-1.0,30.0,-1.0,-1.0,143.0,10.0,5.0,-1.0,-1.0,-1.0,-1.0,-1.0,-1.0,-1.0,noData,noData,noData,noData,1.0,noData
166.0,2.0,1.0,1.0,ORTH,GA,166.0,-1.0,-1.0,21.0,-1.0,-1.0,146.0,10.0,5.0,-1.0,-1.0,-1.0,-1.0,-1.0,-1.0,-1.0,noData,noData,noData,noData,2.0,noData
290.0,3.0,1.0,1.0,GU,GA,290.0,-1.0,-1.0,34.0,-1.0,-1.0,142.0,10.0,5.0,-1.0,-1.0,-1.0,-1.0,-1.0,-1.0,-1.0,noData,noData,noData,noData,3.0,noData
341.0,4.0,1.0,1.0,OPH,GA,341.0,-1.0,-1.0,16.0,-1.0,-1.0,55.0,10.0,5.0,-1.0,-1.0,-1.0,-1.0,-1.0,-1.0,-1.0,noData,noData,noData,noData,4.0,noData
423.0,5.0,1.0,0.0,GU,GA,423.0,-1.0,-1.0,27.0,-1.0,-1.0,58.0,10.0,5.0,-1.0,-1.0,-1.0,-1.0,-1.0,-1.0,-1.0,noData,noData,noData,noData,5.0,noData
